﻿"Account","Flag","Date","Payee","Category Group/Category","Category Group","Category","Memo","Outflow","Inflow","Cleared"
"Revolut Natasia Noble (EUR)","","18/04/2024","Peters Brauhaus Gmbh","True Expenses: Weekly Dining Out Budget","True Expenses","Weekly Dining Out Budget","",€39.50,€0.00,"Reconciled"
"Revolut Natasia Noble (EUR)","Red","18/04/2024","Rich & Greens","True Expenses: Weekly Meal Budget M-F","True Expenses","Weekly Meal Budget M-F","",€10.30,€0.00,"Reconciled"
"Revolut Natasia Noble (EUR)","","18/04/2024","All Those","Just for Fun: Entertainment (Movies, Activities, Etc)","Just for Fun","Entertainment (Movies, Activities, Etc)","food market",€8.00,€0.00,"Uncleared"
"Revolut Natasia Noble (EUR)","","18/04/2024","Revolut","Savings: CryptoBudget","Savings","CryptoBudget","",€1.00,€0.00,"Reconciled"
"Revolut Natasia Noble (EUR)","","18/04/2024","Revolut","Savings: CryptoBudget","Savings","CryptoBudget","",€0.71,€0.00,"Reconciled"
"Revolut Natasia Noble (EUR)","","18/04/2024","Revolut","Savings: CryptoBudget","Savings","CryptoBudget","",€0.70,€0.00,"Reconciled"
"Revolut Natasia Noble (EUR)","","18/04/2024","Revolut","Savings: CryptoBudget","Savings","CryptoBudget","",€0.50,€0.00,"Reconciled"
"Cash","","17/04/2024","Habibi Köln","True Expenses: Weekly Meal Budget M-F","True Expenses","Weekly Meal Budget M-F","",€13.00,€0.00,"Cleared"
"Revolut Natasia Noble (EUR)","Red","17/04/2024","Frittenwerk Koeln","True Expenses: Weekly Meal Budget M-F","True Expenses","Weekly Meal Budget M-F","Köl",€12.00,€0.00,"Reconciled"
"Sabadell Business Account","","17/04/2024","ENDESA X SERVICIOS S.L.","🔵 Business Expenses and Utilities Expenses: 🥅 Utilities, H2O Elec Gas Net Bldg Trash (Shared)","🔵 Business Expenses and Utilities Expenses","🥅 Utilities, H2O Elec Gas Net Bldg Trash (Shared)","endesa",€11.35,€0.00,"Uncleared"
"Revolut Natasia Noble (EUR)","","17/04/2024","Mol*wewash Gmbh","🔵 Business Expenses and Utilities Expenses: 🖼 Work Expenses","🔵 Business Expenses and Utilities Expenses","🖼 Work Expenses","laundry",€5.00,€0.00,"Reconciled"
"Revolut Natasia Noble (EUR)","","17/04/2024","Mol*wewash Gmbh","🔵 Business Expenses and Utilities Expenses: 🖼 Work Expenses","🔵 Business Expenses and Utilities Expenses","🖼 Work Expenses","laundry koln",€4.50,€0.00,"Reconciled"
"Revolut Natasia Noble (EUR)","","17/04/2024","Lidl","True Expenses: Weekly Meal Budget M-F","True Expenses","Weekly Meal Budget M-F","",€3.29,€0.00,"Reconciled"
"Revolut Natasia Noble (EUR)","","17/04/2024","Bicing","True Expenses: Transportation","True Expenses","Transportation","",€1.10,€0.00,"Reconciled"
"Revolut Natasia Noble (EUR)","","17/04/2024","Revolut","Savings: CryptoBudget","Savings","CryptoBudget","",€1.00,€0.00,"Reconciled"
"Revolut Natasia Noble (EUR)","","17/04/2024","Revolut","Savings: CryptoBudget","Savings","CryptoBudget","",€1.00,€0.00,"Reconciled"
"Revolut Natasia Noble (EUR)","","17/04/2024","Revolut","Savings: CryptoBudget","Savings","CryptoBudget","",€0.99,€0.00,"Reconciled"
"Revolut Natasia Noble (EUR)","","17/04/2024","Revolut","Savings: CryptoBudget","Savings","CryptoBudget","",€0.50,€0.00,"Reconciled"
"Sabadell Business Account","","16/04/2024","Sabadell","🔵 Business Expenses and Utilities Expenses: 🖼 Work Expenses","🔵 Business Expenses and Utilities Expenses","🖼 Work Expenses","",€16.59,€0.00,"Reconciled"
"Revolut Natasia Noble (EUR)","Red","16/04/2024","Rewe","True Expenses: Weekly Meal Budget M-F","True Expenses","Weekly Meal Budget M-F","",€8.49,€0.00,"Reconciled"
"Revolut Natasia Noble (EUR)","","16/04/2024","Revolut","Savings: CryptoBudget","Savings","CryptoBudget","",€0.51,€0.00,"Reconciled"
"Revolut Natasia Noble (EUR)","","15/04/2024","Bonorum Iselt Foerster","Quality of Life Goals: Medical","Quality of Life Goals","Medical","cbd",€25.00,€0.00,"Reconciled"
"Sabadell Business Account","","15/04/2024","COMPRA TARJ. 5540XXXXXXXX5016 FORMATBUNDLE-+18885688276","🔵 Business Expenses and Utilities Expenses: 🖼 Work Expenses","🔵 Business Expenses and Utilities Expenses","🖼 Work Expenses","website format",€22.60,€0.00,"Reconciled"
"Revolut Natasia Noble (EUR)","","15/04/2024","Lidl","True Expenses: Groceries","True Expenses","Groceries","",€12.10,€0.00,"Reconciled"
"Sabadell Business Account","","15/04/2024","ENDESA X SERVICIOS S.L.","🔵 Business Expenses and Utilities Expenses: 🥅 Utilities, H2O Elec Gas Net Bldg Trash (Shared)","🔵 Business Expenses and Utilities Expenses","🥅 Utilities, H2O Elec Gas Net Bldg Trash (Shared)","",€11.57,€0.00,"Reconciled"
"Revolut Natasia Noble (EUR)","","15/04/2024","A&O Hotels And Hostels","🔵 Business Expenses and Utilities Expenses: 🖼 Work Expenses","🔵 Business Expenses and Utilities Expenses","🖼 Work Expenses","LW Cologne",€11.00,€0.00,"Reconciled"
"Revolut Natasia Noble (EUR)","Red","15/04/2024","Espresso Perfetto Il B","True Expenses: Weekly Dining Out Budget","True Expenses","Weekly Dining Out Budget","",€4.90,€0.00,"Reconciled"
"Revolut Natasia Noble (EUR)","","15/04/2024","Revolut","Savings: CryptoBudget","Savings","CryptoBudget","",€1.00,€0.00,"Reconciled"
"Revolut Natasia Noble (EUR)","","15/04/2024","Revolut","Savings: CryptoBudget","Savings","CryptoBudget","",€0.90,€0.00,"Reconciled"
"Sabadell Business Account","","15/04/2024","COMISIÓN DIVISA NO EURO","🔵 Business Expenses and Utilities Expenses: Interest & Fees","🔵 Business Expenses and Utilities Expenses","Interest & Fees","",€0.79,€0.00,"Reconciled"
"Revolut Natasia Noble (EUR)","","15/04/2024","Revolut","Savings: CryptoBudget","Savings","CryptoBudget","",€0.10,€0.00,"Reconciled"
"Revolut Natasia Noble (EUR)","","14/04/2024","A&O Hotels And Hostels","🔵 Business Expenses and Utilities Expenses: 🖼 Work Expenses","🔵 Business Expenses and Utilities Expenses","🖼 Work Expenses","LW Cologne",€157.94,€0.00,"Reconciled"
"Cash","Green","14/04/2024","Taxi","True Expenses: Transportation","True Expenses","Transportation","Taxi Germany Reimbursable",€43.00,€0.00,"Cleared"
"Revolut Natasia Noble (EUR)","","14/04/2024","Takumi","True Expenses: Weekly Dining Out Budget","True Expenses","Weekly Dining Out Budget","",€22.00,€0.00,"Reconciled"
"Revolut Natasia Noble (EUR)","","14/04/2024","Chatgpt Subscription","🔵 Business Expenses and Utilities Expenses: 🖼 Work Expenses","🔵 Business Expenses and Utilities Expenses","🖼 Work Expenses","",€19.06,€0.00,"Reconciled"
"Revolut Natasia Noble (EUR)","Red","14/04/2024","Monbus","True Expenses: Transportation","True Expenses","Transportation","Reimbursable",€7.25,€0.00,"Reconciled"
"Revolut Natasia Noble (EUR)","","14/04/2024","Revolut","Savings: CryptoBudget","Savings","CryptoBudget","",€1.00,€0.00,"Reconciled"
"Revolut Natasia Noble (EUR)","","14/04/2024","Revolut","Savings: CryptoBudget","Savings","CryptoBudget","",€0.75,€0.00,"Reconciled"
"Revolut Natasia Noble (EUR)","","14/04/2024","Revolut","Savings: CryptoBudget","Savings","CryptoBudget","",€0.13,€0.00,"Reconciled"
"Revolut Natasia Noble (EUR)","","14/04/2024","Revolut","Savings: CryptoBudget","Savings","CryptoBudget","",€0.06,€0.00,"Reconciled"
"Revolut Natasia Noble (EUR)","Red","13/04/2024","Daal Roti Restaurant","True Expenses: Weekly Dining Out Budget","True Expenses","Weekly Dining Out Budget","Stressed meal",€30.90,€0.00,"Reconciled"
"Revolut Natasia Noble (EUR)","","13/04/2024","Revolut","Savings: CryptoBudget","Savings","CryptoBudget","",€0.10,€0.00,"Reconciled"
"Sabadell Business Account","","12/04/2024","Jazztel","🔵 Business Expenses and Utilities Expenses: 🥅 Utilities, H2O Elec Gas Net Bldg Trash (Shared)","🔵 Business Expenses and Utilities Expenses","🥅 Utilities, H2O Elec Gas Net Bldg Trash (Shared)","",€30.95,€0.00,"Reconciled"
"Revolut Natasia Noble (EUR)","","12/04/2024","Zettle_*sotaque Sl","True Expenses: Weekly Meal Budget M-F","True Expenses","Weekly Meal Budget M-F","",€4.00,€0.00,"Reconciled"
"Revolut Natasia Noble (EUR)","","12/04/2024","Revolut","Savings: CryptoBudget","Savings","CryptoBudget","",€1.00,€0.00,"Reconciled"
"Sabadell Business Account","","11/04/2024","COMPRA TARJ. 5540XXXXXXXX5016 Adobe-ADOBE.LY/ESES","🔵 Business Expenses and Utilities Expenses: 🖼 Work Expenses","🔵 Business Expenses and Utilities Expenses","🖼 Work Expenses","",€16.25,€0.00,"Reconciled"
"Sabadell Business Account","","11/04/2024","Giorgio","🔵 Business Expenses and Utilities Expenses: 🥅 Utilities, H2O Elec Gas Net Bldg Trash (Shared)","🔵 Business Expenses and Utilities Expenses","🥅 Utilities, H2O Elec Gas Net Bldg Trash (Shared)","",€0.00,€300.00,"Reconciled"
"Sabadell Business Account","","10/04/2024","ENDESA X SERVICIOS S.L.","🔵 Business Expenses and Utilities Expenses: 🥅 Utilities, H2O Elec Gas Net Bldg Trash (Shared)","🔵 Business Expenses and Utilities Expenses","🥅 Utilities, H2O Elec Gas Net Bldg Trash (Shared)","House gas",€124.58,€0.00,"Reconciled"
"Revolut Natasia Noble (EUR)","","10/04/2024","Bibimbap","True Expenses: Weekly Dining Out Budget","True Expenses","Weekly Dining Out Budget","",€14.50,€0.00,"Reconciled"
"Revolut Natasia Noble (EUR)","","10/04/2024","Revolut","Savings: CryptoBudget","Savings","CryptoBudget","",€0.65,€0.00,"Reconciled"
"Revolut Natasia Noble (EUR)","","10/04/2024","Revolut","Savings: CryptoBudget","Savings","CryptoBudget","",€0.51,€0.00,"Reconciled"
"Revolut Natasia Noble (EUR)","","10/04/2024","Revolut","Savings: CryptoBudget","Savings","CryptoBudget","",€0.50,€0.00,"Reconciled"
"Revolut Natasia Noble (EUR)","","09/04/2024","Nabucco Tiramisu","True Expenses: Weekly Dining Out Budget","True Expenses","Weekly Dining Out Budget","",€5.00,€0.00,"Reconciled"
"Revolut Natasia Noble (EUR)","","09/04/2024","Nabucco Tiramisu","Just for Fun: Presents","Just for Fun","Presents","",€3.00,€0.00,"Reconciled"
"Revolut Natasia Noble (EUR)","","09/04/2024","Revolut","Savings: CryptoBudget","Savings","CryptoBudget","",€1.00,€0.00,"Reconciled"
"Revolut Natasia Noble (EUR)","","09/04/2024","Revolut","Savings: CryptoBudget","Savings","CryptoBudget","",€1.00,€0.00,"Reconciled"
"N26","","07/04/2024","Joao Will Masaje","Just for Fun: Presents","Just for Fun","Presents","anniv",€32.50,€0.00,"Uncleared"
"N26","","07/04/2024","Joao Will Masaje","Quality of Life Goals: Medical","Quality of Life Goals","Medical","anniv",€32.50,€0.00,"Uncleared"
"Revolut Natasia Noble (EUR)","","06/04/2024","Farmacia V Pasquino","Quality of Life Goals: Medical","Quality of Life Goals","Medical","",€15.44,€0.00,"Reconciled"
"Revolut Natasia Noble (EUR)","","06/04/2024","Revolut","Savings: CryptoBudget","Savings","CryptoBudget","",€0.56,€0.00,"Reconciled"
"N26","","04/04/2024","To Rsg Group Espana Sl","Quality of Life Goals: Fitness","Quality of Life Goals","Fitness","",€29.90,€0.00,"Reconciled"
"Revolut Natasia Noble (EUR)","","04/04/2024","Condis Barcelona","True Expenses: Groceries","True Expenses","Groceries","",€8.70,€0.00,"Reconciled"
"Revolut Natasia Noble (EUR)","","04/04/2024","Revolut","Savings: CryptoBudget","Savings","CryptoBudget","",€0.30,€0.00,"Reconciled"
"Revolut Natasia Noble (EUR)","","03/04/2024","La General Surfera","Just for Fun: Presents","Just for Fun","Presents","Giorgio Partial Present",€25.00,€0.00,"Reconciled"
"Revolut Natasia Noble (EUR)","","03/04/2024","Mi Orange Recargas Se","True Expenses: Orange Data","True Expenses","Orange Data","",€25.00,€0.00,"Reconciled"
"Revolut Natasia Noble (EUR)","Red","03/04/2024","A&O Hostel And Hotel K","🔵 Business Expenses and Utilities Expenses: 🖼 Work Expenses","🔵 Business Expenses and Utilities Expenses","🖼 Work Expenses","Hotel to teach",€21.69,€0.00,"Reconciled"
"N26","","03/04/2024","Paula Gabriela de Oliveira Teixeira","Just for Fun: Presents","Just for Fun","Presents","Giorgio Partial Present",€9.99,€0.00,"Reconciled"
"Revolut Natasia Noble (EUR)","","03/04/2024","Zettle_*sotaque Sl","True Expenses: Weekly Meal Budget M-F","True Expenses","Weekly Meal Budget M-F","",€1.50,€0.00,"Reconciled"
"Revolut Natasia Noble (EUR)","","03/04/2024","Revolut","Savings: CryptoBudget","Savings","CryptoBudget","",€1.00,€0.00,"Reconciled"
"Revolut Natasia Noble (EUR)","","03/04/2024","Revolut","Savings: CryptoBudget","Savings","CryptoBudget","",€0.50,€0.00,"Reconciled"
"Revolut Natasia Noble (EUR)","","03/04/2024","Revolut","Savings: CryptoBudget","Savings","CryptoBudget","",€0.31,€0.00,"Reconciled"
"Sabadell Business Account","","02/04/2024","Aigues Musa","🔵 Business Expenses and Utilities Expenses: 🥅 Utilities, H2O Elec Gas Net Bldg Trash (Shared)","🔵 Business Expenses and Utilities Expenses","🥅 Utilities, H2O Elec Gas Net Bldg Trash (Shared)","",€45.03,€0.00,"Reconciled"
"Revolut Natasia Noble (EUR)","","02/04/2024","Spotifyes","Just for Fun: Entertainment (Movies, Activities, Etc)","Just for Fun","Entertainment (Movies, Activities, Etc)","spotify",€5.99,€0.00,"Reconciled"
"Revolut Natasia Noble (EUR)","","02/04/2024","Revolut","Savings: CryptoBudget","Savings","CryptoBudget","",€0.01,€0.00,"Reconciled"
"Revolut Natasia Noble (EUR)","Red","01/04/2024","RyanAir","🔵 Business Expenses and Utilities Expenses: 🖼 Work Expenses","🔵 Business Expenses and Utilities Expenses","🖼 Work Expenses","reimbursable",€292.80,€0.00,"Reconciled"
"Sabadell Business Account","","01/04/2024","COMPRA TARJ. 5540XXXXXXXX5016 ENTRE TRAMITES-+34930185237","🔵 Business Expenses and Utilities Expenses: Tax Gestor Monthly","🔵 Business Expenses and Utilities Expenses","Tax Gestor Monthly","",€49.01,€0.00,"Reconciled"
"Sabadell Business Account","","01/04/2024","COMPRA TARJ. 5540XXXXXXXX5016 READYMAG.COM-+19172677961","🔵 Business Expenses and Utilities Expenses: 🖼 Work Expenses","🔵 Business Expenses and Utilities Expenses","🖼 Work Expenses","website",€13.92,€0.00,"Reconciled"
"Sabadell Business Account","","01/04/2024","COMISIÓN DIVISA NO EURO","🔵 Business Expenses and Utilities Expenses: Interest & Fees","🔵 Business Expenses and Utilities Expenses","Interest & Fees","",€0.49,€0.00,"Reconciled"
"Sabadell Business Account","","01/04/2024","COMPRA TARJ. 5540XXXXXXXX5016 Google CLOUD 5K5GBR-Dublin","🔵 Business Expenses and Utilities Expenses: Interest & Fees","🔵 Business Expenses and Utilities Expenses","Interest & Fees","cloud payment",€0.35,€0.00,"Reconciled"
"Revolut Natasia Noble (EUR)","","01/04/2024","Revolut","Savings: CryptoBudget","Savings","CryptoBudget","",€0.20,€0.00,"Reconciled"
"Giorgio","","01/04/2024","Pasticceria Gracia","Just for Fun: Presents","Just for Fun","Presents","rafe; cale",€0.00,€15.01,"Reconciled"
"N26","","31/03/2024","Juani","Just for Fun: Vacation / Non Essential","Just for Fun","Vacation / Non Essential","tossa de mar",€64.75,€0.00,"Reconciled"
"N26","","31/03/2024","Paula Gabriela de Oliveira Teixeira","True Expenses: Weekly Dining Out Budget","True Expenses","Weekly Dining Out Budget","",€7.61,€0.00,"Reconciled"
"Revolut Natasia Noble (EUR)","","31/03/2024","Honest Greens","True Expenses: Weekly Dining Out Budget","True Expenses","Weekly Dining Out Budget","",€5.50,€0.00,"Reconciled"
"Revolut Natasia Noble (EUR)","","31/03/2024","Revolut","Savings: CryptoBudget","Savings","CryptoBudget","",€0.50,€0.00,"Reconciled"
"N26","","31/03/2024","Irene Gasca","True Expenses: Weekly Dining Out Budget","True Expenses","Weekly Dining Out Budget","gracia latina",€0.00,€8.00,"Reconciled"
"Revolut Natasia Noble (EUR)","","30/03/2024","Pho","True Expenses: Weekly Dining Out Budget","True Expenses","Weekly Dining Out Budget","",€23.80,€0.00,"Reconciled"
"Revolut Natasia Noble (EUR)","","30/03/2024","The Alchemist Bar & Restaurant Ltd","True Expenses: Weekly Dining Out Budget","True Expenses","Weekly Dining Out Budget","",€17.00,€0.00,"Reconciled"
"Revolut Natasia Noble (EUR)","","30/03/2024","Revolut","Savings: CryptoBudget","Savings","CryptoBudget","",€1.00,€0.00,"Reconciled"
"Revolut Natasia Noble (EUR)","","30/03/2024","Revolut","Savings: CryptoBudget","Savings","CryptoBudget","",€0.20,€0.00,"Reconciled"
"Revolut Natasia Noble (EUR)","","29/03/2024","Exchanged to BTC","Savings: CryptoBudget","Savings","CryptoBudget","",€5.00,€0.00,"Reconciled"
"Revolut Natasia Noble (EUR)","","28/03/2024","Bar Gracia Latina","True Expenses: Weekly Dining Out Budget","True Expenses","Weekly Dining Out Budget","cocktails",€32.00,€0.00,"Reconciled"
"Revolut Natasia Noble (EUR)","","28/03/2024","El Bar Del Cat","True Expenses: Weekly Dining Out Budget","True Expenses","Weekly Dining Out Budget","",€28.80,€0.00,"Reconciled"
"Revolut Natasia Noble (EUR)","","28/03/2024","13bcn","Just for Fun: Presents","Just for Fun","Presents","",€9.99,€0.00,"Reconciled"
"Revolut Natasia Noble (EUR)","","28/03/2024","Miniso Lifestyle Spain","Just for Fun: Presents","Just for Fun","Presents","",€4.63,€0.00,"Reconciled"
"Revolut Natasia Noble (EUR)","","28/03/2024","Revolut","Savings: CryptoBudget","Savings","CryptoBudget","",€1.00,€0.00,"Reconciled"
"Revolut Natasia Noble (EUR)","","28/03/2024","Revolut","Savings: CryptoBudget","Savings","CryptoBudget","",€0.37,€0.00,"Reconciled"
"Revolut Natasia Noble (EUR)","","28/03/2024","Revolut","Savings: CryptoBudget","Savings","CryptoBudget","",€0.20,€0.00,"Reconciled"
"Revolut Natasia Noble (EUR)","","28/03/2024","Revolut","Savings: CryptoBudget","Savings","CryptoBudget","",€0.01,€0.00,"Reconciled"
"N26","","28/03/2024","Paula Gabriela de Oliveira Teixeira","True Expenses: Weekly Dining Out Budget","True Expenses","Weekly Dining Out Budget","",€0.00,€24.40,"Reconciled"
"Sabadell Business Account","","27/03/2024","NOBLE --- NATASIA","🔵 Business Expenses and Utilities Expenses: 🥅 Seguridad Social 300 every month","🔵 Business Expenses and Utilities Expenses","🥅 Seguridad Social 300 every month","TGSS",€209.51,€0.00,"Reconciled"
"Revolut Natasia Noble (EUR)","","27/03/2024","Sp Mattdowney","🔵 Business Expenses and Utilities Expenses: 🖼 Work Expenses","🔵 Business Expenses and Utilities Expenses","🖼 Work Expenses","website template",€13.90,€0.00,"Reconciled"
"Revolut Natasia Noble (EUR)","","27/03/2024","Revolut","Savings: CryptoBudget","Savings","CryptoBudget","",€0.10,€0.00,"Reconciled"
"N26","","27/03/2024","Paula Gabriela de Oliveira Teixeira","True Expenses: Weekly Dining Out Budget","True Expenses","Weekly Dining Out Budget","wine",€0.00,€4.40,"Reconciled"
"Revolut Natasia Noble (EUR)","","26/03/2024","Kemako","True Expenses: Weekly Dining Out Budget","True Expenses","Weekly Dining Out Budget","",€20.48,€0.00,"Reconciled"
"Revolut Natasia Noble (EUR)","","26/03/2024","Raima - Nimura","True Expenses: Weekly Dining Out Budget","True Expenses","Weekly Dining Out Budget","resist sister wine",€8.80,€0.00,"Reconciled"
"Revolut Natasia Noble (EUR)","","26/03/2024","Revolut","Savings: CryptoBudget","Savings","CryptoBudget","",€0.52,€0.00,"Reconciled"
"Revolut Natasia Noble (EUR)","","26/03/2024","Revolut","Savings: CryptoBudget","Savings","CryptoBudget","",€0.20,€0.00,"Reconciled"
"Revolut Natasia Noble (EUR)","","25/03/2024","Exchanged to USD","Obligations & Hidden Expenses (Safe/Vault): Stuff I Forgot to Budget For","Obligations & Hidden Expenses (Safe/Vault)","Stuff I Forgot to Budget For","",€51.00,€0.00,"Reconciled"
"Revolut Natasia Noble (EUR)","","25/03/2024","Exchanged to USD","Obligations & Hidden Expenses (Safe/Vault): Stuff I Forgot to Budget For","Obligations & Hidden Expenses (Safe/Vault)","Stuff I Forgot to Budget For","maintain WELLS FARGO BALANCE",€40.00,€0.00,"Reconciled"
"Cash","","25/03/2024","Dispensary","Quality of Life Goals: Medical","Quality of Life Goals","Medical","CBD",€25.00,€0.00,"Reconciled"
"Revolut Natasia Noble (EUR)","","24/03/2024","Los Hermanos","True Expenses: Weekly Meal Budget M-F","True Expenses","Weekly Meal Budget M-F","",€30.45,€0.00,"Reconciled"
"N26","","24/03/2024","FB Marketplace","Obligations & Hidden Expenses (Safe/Vault): House Improvement Savings","Obligations & Hidden Expenses (Safe/Vault)","House Improvement Savings","cable organizer, bamboo steamer, mirror",€10.00,€0.00,"Reconciled"
"Revolut Natasia Noble (EUR)","","24/03/2024","Revolut","Savings: CryptoBudget","Savings","CryptoBudget","",€0.55,€0.00,"Reconciled"
"Revolut Natasia Noble (EUR)","","23/03/2024","T Mobilitat. App","True Expenses: Transportation","True Expenses","Transportation","",€21.35,€0.00,"Reconciled"
"Revolut Natasia Noble (EUR)","","23/03/2024","Condis Badalona","True Expenses: Weekly Dining Out Budget","True Expenses","Weekly Dining Out Budget","",€3.99,€0.00,"Reconciled"
"Revolut Natasia Noble (EUR)","","23/03/2024","Revolut","Savings: CryptoBudget","Savings","CryptoBudget","",€0.65,€0.00,"Reconciled"
"Revolut Natasia Noble (EUR)","","23/03/2024","Revolut","Savings: CryptoBudget","Savings","CryptoBudget","",€0.01,€0.00,"Reconciled"
"Sabadell Business Account","","22/03/2024","COMPRA TARJ. 5540XXXXXXXX5016 CODECADEMY-NEW YORK","🔵 Business Expenses and Utilities Expenses: 🖼 Work Expenses","🔵 Business Expenses and Utilities Expenses","🖼 Work Expenses","code academy",€17.99,€0.00,"Reconciled"
"Revolut Natasia Noble (EUR)","","22/03/2024","Exchanged to BTC","Savings: CryptoBudget","Savings","CryptoBudget","",€5.00,€0.00,"Reconciled"
"Revolut Natasia Noble (EUR)","","22/03/2024","Amazon","Savings: PC Equipment","Savings","PC Equipment","",€4.99,€0.00,"Reconciled"
"Revolut Natasia Noble (EUR)","","22/03/2024","Revolut","Savings: CryptoBudget","Savings","CryptoBudget","",€0.01,€0.00,"Reconciled"
"Revolut Natasia Noble (EUR)","","21/03/2024","Bicing","True Expenses: Transportation","True Expenses","Transportation","",€35.00,€0.00,"Reconciled"
"Sabadell Business Account","Red","21/03/2024","Revolut","Savings: CryptoBudget","Savings","CryptoBudget","",€26.46,€0.00,"Reconciled"
"Revolut Natasia Noble (EUR)","","21/03/2024","Spray Planet","🔵 Business Expenses and Utilities Expenses: 🖼 Work Expenses","🔵 Business Expenses and Utilities Expenses","🖼 Work Expenses","",€12.20,€0.00,"Reconciled"
"Revolut Natasia Noble (EUR)","","21/03/2024","Revolut","Savings: CryptoBudget","Savings","CryptoBudget","roundup to crypto",€1.00,€0.00,"Reconciled"
"Revolut Natasia Noble (EUR)","","21/03/2024","Revolut","Savings: CryptoBudget","Savings","CryptoBudget","",€0.80,€0.00,"Reconciled"
"Revolut Natasia Noble (EUR)","","20/03/2024","Ficomic","Just for Fun: Hobbies - Classes / Skate ","Just for Fun","Hobbies - Classes / Skate ","comic day bcn",€16.00,€0.00,"Reconciled"
"Revolut Natasia Noble (EUR)","","20/03/2024","Eb *resist Sister Ilus","🔵 Business Expenses and Utilities Expenses: 🖼 Work Expenses","🔵 Business Expenses and Utilities Expenses","🖼 Work Expenses","resist raima art talk",€3.56,€0.00,"Reconciled"
"Revolut Natasia Noble (EUR)","","20/03/2024","Revolut","Savings: CryptoBudget","Savings","CryptoBudget","",€0.44,€0.00,"Reconciled"
"Revolut Natasia Noble (EUR)","","19/03/2024","Druni Bcn 6 Pelai 2","Quality of Life Goals: Self-Care","Quality of Life Goals","Self-Care","",€41.53,€0.00,"Reconciled"
"Revolut Natasia Noble (EUR)","","19/03/2024","Druni","Just for Fun: Shopping Non-Essential","Just for Fun","Shopping Non-Essential","",€6.27,€0.00,"Reconciled"
"Revolut Natasia Noble (EUR)","","19/03/2024","Clonic Informatica","🔵 Business Expenses and Utilities Expenses: 🖼 Work Expenses","🔵 Business Expenses and Utilities Expenses","🖼 Work Expenses","thermal paste",€4.90,€0.00,"Reconciled"
"Revolut Natasia Noble (EUR)","","19/03/2024","Revolut","Savings: CryptoBudget","Savings","CryptoBudget","roundup to crypto",€0.73,€0.00,"Reconciled"
"Revolut Natasia Noble (EUR)","","19/03/2024","Revolut","Savings: CryptoBudget","Savings","CryptoBudget","roundup to crypto",€0.47,€0.00,"Reconciled"
"Revolut Natasia Noble (EUR)","","19/03/2024","Revolut","Savings: CryptoBudget","Savings","CryptoBudget","roundup to crypto",€0.10,€0.00,"Reconciled"
"Revolut Natasia Noble (EUR)","","18/03/2024","Sternalia","Just for Fun: Presents","Just for Fun","Presents","anniversary surprise",€58.00,€0.00,"Reconciled"
"Sabadell Business Account","","18/03/2024","ENDESA X SERVICIOS S.L.","🔵 Business Expenses and Utilities Expenses: 🥅 Utilities, H2O Elec Gas Net Bldg Trash (Shared)","🔵 Business Expenses and Utilities Expenses","🥅 Utilities, H2O Elec Gas Net Bldg Trash (Shared)","ENDESA X SERVICIOS S.L.",€5.79,€0.00,"Uncleared"
"Revolut Natasia Noble (EUR)","","18/03/2024","Sotaque","True Expenses: Weekly Dining Out Budget","True Expenses","Weekly Dining Out Budget","",€3.70,€0.00,"Reconciled"
"Revolut Natasia Noble (EUR)","","18/03/2024","Exchanged to BTC","Savings: CryptoBudget","Savings","CryptoBudget","",€1.00,€0.00,"Reconciled"
"Revolut Natasia Noble (EUR)","","18/03/2024","Exchanged to BTC","Savings: CryptoBudget","Savings","CryptoBudget","",€0.30,€0.00,"Reconciled"
"Revolut Natasia Noble (EUR)","","17/03/2024","Zettle_*sotaque Sl","True Expenses: Weekly Meal Budget M-F","True Expenses","Weekly Meal Budget M-F","coffee",€2.20,€0.00,"Reconciled"
"Revolut Natasia Noble (EUR)","","17/03/2024","Exchanged to BTC","Savings: CryptoBudget","Savings","CryptoBudget","",€0.80,€0.00,"Reconciled"
"N26","","16/03/2024","Luana","True Expenses: Weekly Dining Out Budget","True Expenses","Weekly Dining Out Budget","Dinner",€41.00,€0.00,"Reconciled"
"Revolut Natasia Noble (EUR)","","16/03/2024","Dayami Scp","True Expenses: Weekly Dining Out Budget","True Expenses","Weekly Dining Out Budget","",€19.89,€0.00,"Reconciled"
"Revolut Natasia Noble (EUR)","","16/03/2024","Baros Home","True Expenses: Household Expenses  - random, cleaner, fixing, etc","True Expenses","Household Expenses  - random, cleaner, fixing, etc","",€3.54,€0.00,"Reconciled"
"Revolut Natasia Noble (EUR)","","16/03/2024","Slowmov","True Expenses: Weekly Dining Out Budget","True Expenses","Weekly Dining Out Budget","",€2.30,€0.00,"Reconciled"
"Revolut Natasia Noble (EUR)","","16/03/2024","Exchanged to BTC","Savings: CryptoBudget","Savings","CryptoBudget","",€0.70,€0.00,"Reconciled"
"Revolut Natasia Noble (EUR)","","16/03/2024","Exchanged to BTC","Savings: CryptoBudget","Savings","CryptoBudget","",€0.46,€0.00,"Reconciled"
"Revolut Natasia Noble (EUR)","","16/03/2024","Exchanged to BTC","Savings: CryptoBudget","Savings","CryptoBudget","",€0.11,€0.00,"Reconciled"
"Sabadell Business Account","","15/03/2024","COMPRA TARJ. 5540XXXXXXXX5016 FORMATBUNDLE-+18885688276","🔵 Business Expenses and Utilities Expenses: 🖼 Work Expenses","🔵 Business Expenses and Utilities Expenses","🖼 Work Expenses","Website 1x monthly because you need to cancel!!!",€22.06,€0.00,"Reconciled"
"Sabadell Business Account","","15/03/2024","Sabadell","🔵 Business Expenses and Utilities Expenses: Interest & Fees","🔵 Business Expenses and Utilities Expenses","Interest & Fees","life insurance",€16.59,€0.00,"Reconciled"
"Revolut Natasia Noble (EUR)","","15/03/2024","Exchanged to BTC","Savings: CryptoBudget","Savings","CryptoBudget","",€5.00,€0.00,"Reconciled"
"Revolut Natasia Noble (EUR)","","15/03/2024","Bicing","True Expenses: Transportation","True Expenses","Transportation","",€0.90,€0.00,"Reconciled"
"Sabadell Business Account","","15/03/2024","COMISIÓN DIVISA NO EURO","🔵 Business Expenses and Utilities Expenses: Interest & Fees","🔵 Business Expenses and Utilities Expenses","Interest & Fees","",€0.77,€0.00,"Reconciled"
"Revolut Natasia Noble (EUR)","","15/03/2024","Exchanged to BTC","Savings: CryptoBudget","Savings","CryptoBudget","",€0.10,€0.00,"Reconciled"
"Revolut Natasia Noble (EUR)","","14/03/2024","Condis Saragossa","True Expenses: Groceries","True Expenses","Groceries","",€14.39,€0.00,"Reconciled"
"Revolut Natasia Noble (EUR)","","14/03/2024","Coffee Hackers","True Expenses: Weekly Meal Budget M-F","True Expenses","Weekly Meal Budget M-F","",€4.70,€0.00,"Reconciled"
"Revolut Natasia Noble (EUR)","","14/03/2024","Exchanged to BTC","Savings: CryptoBudget","Savings","CryptoBudget","",€0.61,€0.00,"Reconciled"
"Revolut Natasia Noble (EUR)","","14/03/2024","Exchanged to BTC","Savings: CryptoBudget","Savings","CryptoBudget","",€0.30,€0.00,"Reconciled"
"Revolut Natasia Noble (EUR)","","13/03/2024","Zettle_*sotaque Sl","True Expenses: Weekly Meal Budget M-F","True Expenses","Weekly Meal Budget M-F","",€3.70,€0.00,"Reconciled"
"Revolut Natasia Noble (EUR)","","13/03/2024","Exchanged to BTC","Savings: CryptoBudget","Savings","CryptoBudget","",€0.30,€0.00,"Reconciled"
"Sabadell Business Account","","12/03/2024","Jazztel","🔵 Business Expenses and Utilities Expenses: 🥅 Utilities, H2O Elec Gas Net Bldg Trash (Shared)","🔵 Business Expenses and Utilities Expenses","🥅 Utilities, H2O Elec Gas Net Bldg Trash (Shared)","Jazztel",€15.47,€0.00,"Uncleared"
"Sabadell Business Account","","11/03/2024","COMPRA TARJ. 5540XXXXXXXX5016 ADOBE SYSTEMS SOFTWARE-044-207-3650","🔵 Business Expenses and Utilities Expenses: 🖼 Work Expenses","🔵 Business Expenses and Utilities Expenses","🖼 Work Expenses","Adobe",€16.25,€0.00,"Reconciled"
"Revolut Natasia Noble (EUR)","","10/03/2024","Foc Latin Food","True Expenses: Weekly Dining Out Budget","True Expenses","Weekly Dining Out Budget","",€16.40,€0.00,"Reconciled"
"Revolut Natasia Noble (EUR)","","10/03/2024","SumUp","True Expenses: Weekly Dining Out Budget","True Expenses","Weekly Dining Out Budget","Coffee",€3.70,€0.00,"Reconciled"
"Revolut Natasia Noble (EUR)","","10/03/2024","Exchanged to BTC","Savings: CryptoBudget","Savings","CryptoBudget","",€0.60,€0.00,"Reconciled"
"Revolut Natasia Noble (EUR)","","10/03/2024","Exchanged to BTC","Savings: CryptoBudget","Savings","CryptoBudget","",€0.30,€0.00,"Reconciled"
"Revolut Natasia Noble (EUR)","","09/03/2024","threemarkscoffee.com","True Expenses: Groceries","True Expenses","Groceries","",€31.00,€0.00,"Reconciled"
"Revolut Natasia Noble (EUR)","","09/03/2024","Exchanged to BTC","Savings: CryptoBudget","Savings","CryptoBudget","",€1.00,€0.00,"Reconciled"
"Revolut Natasia Noble (EUR)","","08/03/2024","Amazon","Savings: PC Equipment","Savings","PC Equipment","desk",€136.98,€0.00,"Reconciled"
"N26","","08/03/2024","Luana","Just for Fun: Entertainment (Movies, Activities, Etc)","Just for Fun","Entertainment (Movies, Activities, Etc)","Mentalist lol",€16.00,€0.00,"Reconciled"
"Revolut Natasia Noble (EUR)","","08/03/2024","Exchanged to BTC","Savings: CryptoBudget","Savings","CryptoBudget","",€5.00,€0.00,"Reconciled"
"Revolut Natasia Noble (EUR)","","08/03/2024","Wallapop","Savings: PC Equipment","Savings","PC Equipment","",€2.59,€0.00,"Reconciled"
"N26","","08/03/2024","Paula Gabriela de Oliveira Teixeira","True Expenses: Weekly Dining Out Budget","True Expenses","Weekly Dining Out Budget","coffee",€1.75,€0.00,"Reconciled"
"Revolut Natasia Noble (EUR)","","08/03/2024","Exchanged to BTC","Savings: CryptoBudget","Savings","CryptoBudget","",€1.00,€0.00,"Reconciled"
"Revolut Natasia Noble (EUR)","","08/03/2024","Exchanged to BTC","Savings: CryptoBudget","Savings","CryptoBudget","",€0.90,€0.00,"Reconciled"
"Revolut Natasia Noble (EUR)","","08/03/2024","Exchanged to BTC","Savings: CryptoBudget","Savings","CryptoBudget","",€0.41,€0.00,"Reconciled"
"Revolut Natasia Noble (EUR)","","08/03/2024","Exchanged to BTC","Savings: CryptoBudget","Savings","CryptoBudget","",€0.02,€0.00,"Reconciled"
"Cash","","08/03/2024","Wallapop","Savings: PC Equipment","Savings","PC Equipment","Roman",€0.00,€45.00,"Reconciled"
"Revolut Natasia Noble (EUR)","","06/03/2024","Cafeteria Kasa Hanaka","True Expenses: Weekly Dining Out Budget","True Expenses","Weekly Dining Out Budget","",€17.40,€0.00,"Reconciled"
"Revolut Natasia Noble (EUR)","","06/03/2024","Yanying","True Expenses: Groceries","True Expenses","Groceries","",€13.95,€0.00,"Reconciled"
"Revolut Natasia Noble (EUR)","","06/03/2024","Mollo Cafe","True Expenses: Weekly Dining Out Budget","True Expenses","Weekly Dining Out Budget","coffee",€6.70,€0.00,"Reconciled"
"Revolut Natasia Noble (EUR)","","06/03/2024","Cafeteria Kasa Hanaka","True Expenses: Weekly Dining Out Budget","True Expenses","Weekly Dining Out Budget","macha",€4.50,€0.00,"Reconciled"
"Revolut Natasia Noble (EUR)","","06/03/2024","Exchanged to BTC","Savings: CryptoBudget","Savings","CryptoBudget","",€0.60,€0.00,"Reconciled"
"Revolut Natasia Noble (EUR)","","06/03/2024","Exchanged to BTC","Savings: CryptoBudget","Savings","CryptoBudget","",€0.50,€0.00,"Reconciled"
"Revolut Natasia Noble (EUR)","","06/03/2024","Exchanged to BTC","Savings: CryptoBudget","Savings","CryptoBudget","",€0.30,€0.00,"Reconciled"
"Revolut Natasia Noble (EUR)","","06/03/2024","Exchanged to BTC","Savings: CryptoBudget","Savings","CryptoBudget","",€0.05,€0.00,"Reconciled"
"N26","","05/03/2024","To Rsg Group Espana Sl\","Quality of Life Goals: Fitness","Quality of Life Goals","Fitness","",€29.90,€0.00,"Reconciled"
"Revolut Natasia Noble (EUR)","","05/03/2024","Show Up Conscious Co.","Quality of Life Goals: Self-Care","Quality of Life Goals","Self-Care","donation for sunrise meditation",€2.00,€0.00,"Reconciled"
"Revolut Natasia Noble (EUR)","","05/03/2024","Exchanged to BTC","Savings: CryptoBudget","Savings","CryptoBudget","",€1.00,€0.00,"Reconciled"
"Revolut Natasia Noble (EUR)","","04/03/2024","Kemako","True Expenses: Weekly Dining Out Budget","True Expenses","Weekly Dining Out Budget","burger craving - sent to giorgio",€16.00,€0.00,"Reconciled"
"N26","","03/03/2024","Pernette","True Expenses: Weekly Dining Out Budget","True Expenses","Weekly Dining Out Budget","dinner at tagliatelle never again",€18.00,€0.00,"Reconciled"
"Revolut Natasia Noble (EUR)","","03/03/2024","Carrefour","True Expenses: Weekly Dining Out Budget","True Expenses","Weekly Dining Out Budget","Juani's calçotada",€7.60,€0.00,"Reconciled"
"Revolut Natasia Noble (EUR)","","03/03/2024","Exchanged to BTC","Savings: CryptoBudget","Savings","CryptoBudget","",€0.40,€0.00,"Reconciled"