﻿"Category Group","Category","Mar 2024","Apr 2024","Average","Total"
"True Expenses","Groceries",-59.34,-20.80,-40.07,-80.14
"True Expenses","Weekly Dining Out Budget",-270.12,-116.80,-193.46,-386.92
"True Expenses","Weekly Meal Budget M-F",-41.05,-52.58,-46.81,-93.63
"True Expenses","Transportation",-57.25,-51.35,-54.30,-108.60
"True Expenses","Orange Data",0.00,-25.00,-12.50,-25.00
"True Expenses","Household Expenses  - random, cleaner, fixing, etc",-3.54,0.00,-1.77,-3.54
"🔵 Business Expenses and Utilities Expenses","🥅 Seguridad Social 300 every month",-209.51,0.00,-104.75,-209.51
"🔵 Business Expenses and Utilities Expenses","Tax Gestor Monthly",0.00,-49.01,-24.50,-49.01
"🔵 Business Expenses and Utilities Expenses","🖼 Work Expenses",-90.86,-581.35,-336.11,-672.21
"🔵 Business Expenses and Utilities Expenses","🥅 Utilities, H2O Elec Gas Net Bldg Trash (Shared)",-21.26,76.52,27.63,55.26
"🔵 Business Expenses and Utilities Expenses","Interest & Fees",-17.36,-1.63,-9.49,-18.99
"Quality of Life Goals","Medical",-25.00,-72.94,-48.97,-97.94
"Quality of Life Goals","Self-Care",-43.53,0.00,-21.77,-43.53
"Quality of Life Goals","Fitness",-29.90,-29.90,-29.90,-59.80
"Obligations & Hidden Expenses (Safe/Vault)","House Improvement Savings",-10.00,0.00,-5.00,-10.00
"Obligations & Hidden Expenses (Safe/Vault)","Stuff I Forgot to Budget For",-91.00,0.00,-45.50,-91.00
"Savings","CryptoBudget",-67.08,-18.49,-42.78,-85.57
"Savings","PC Equipment",-99.56,0.00,-49.78,-99.56
"Just for Fun","Shopping Non-Essential",-6.27,0.00,-3.13,-6.27
"Just for Fun","Presents",-72.62,-55.48,-64.05,-128.10
"Just for Fun","Vacation / Non Essential",-64.75,0.00,-32.38,-64.75
"Just for Fun","Hobbies - Classes / Skate ",-16.00,0.00,-8.00,-16.00
"Just for Fun","Entertainment (Movies, Activities, Etc)",-16.00,-13.99,-14.99,-29.99